{"x":0.13515625,"y":0.14285714285714285}