{"x":0.09140625,"y":0.15022091310751104}