{"x":0.25833333333333336,"y":0.1843137254901961}