{"x":0.13541666666666666,"y":0.1450980392156863}