{"x":0.08958333333333333,"y":0.14901960784313725}