{"x":0.26458333333333334,"y":0.19215686274509805}