{"x":0.14375,"y":0.17647058823529413}