{"x":0.13125,"y":0.13725490196078433}