{"x":0.134375,"y":0.14138438880706922}