{"x":0.46875,"y":0.5058823529411764}