{"x":0.28541666666666665,"y":0.03529411764705882}