{"x":0.07083333333333333,"y":0.23529411764705882}