{"x":0.4265625,"y":0.2695139911634757}