{"x":0.128125,"y":0.2709867452135493}