{"x":0.42916666666666664,"y":0.27450980392156865}