{"x":0.4270833333333333,"y":0.27058823529411763}