{"x":0.12734375,"y":0.2695139911634757}