{"x":0.07291666666666667,"y":0.3843137254901961}