{"x":0.31640625,"y":0.42415316642120765}