{"x":0.5083333333333333,"y":0.023529411764705882}