{"x":0.48125,"y":0.08627450980392157}