{"x":0.5020833333333333,"y":0.027450980392156862}