{"x":0.01015625,"y":0.5567010309278351}