{"x":0.7666666666666667,"y":0.5294117647058824}