{"x":0.83125,"y":0.6509803921568628}