{"x":0.76640625,"y":0.5287187039764359}