{"x":0.83125,"y":0.6549019607843137}