{"x":0.171875,"y":0.3637702503681885}