{"x":0.17109375,"y":0.36229749631811486}