{"x":0.010416666666666666,"y":0.5568627450980392}