{"x":0.49609375,"y":0.39911634756995584}