{"x":0.18515625,"y":0.5110456553755522}