{"x":0.0328125,"y":0.3328424153166421}