{"x":0.1515625,"y":0.2341678939617084}