{"x":0.42291666666666666,"y":0.03137254901960784}