{"x":0.7458333333333333,"y":0.34901960784313724}