{"x":0.38958333333333334,"y":0.3843137254901961}