{"x":0.03333333333333333,"y":0.33725490196078434}