{"x":0.25390625,"y":0.101620029455081}