{"x":0.253125,"y":0.10014727540500737}