{"x":0.4083333333333333,"y":0.1411764705882353}