{"x":0.25833333333333336,"y":0.10588235294117647}