{"x":0.25833333333333336,"y":0.10980392156862745}