{"x":0.25625,"y":0.10196078431372549}