{"x":0.01640625,"y":0.3637702503681885}