{"x":0.015625,"y":0.36229749631811486}