{"x":0.04375,"y":0.41568627450980394}