{"x":0.04375,"y":0.41531664212076586}