{"x":0.8270833333333333,"y":0.07450980392156863}