{"x":0.014583333333333334,"y":0.7098039215686275}