{"x":0.04375,"y":0.4235294117647059}