{"x":0.33515625,"y":0.6627393225331369}