{"x":0.29140625,"y":0.6229749631811488}