{"x":0.04375,"y":0.4196078431372549}