{"x":0.035416666666666666,"y":0.6941176470588235}