{"x":0.3359375,"y":0.6642120765832106}