{"x":0.6166666666666667,"y":0.396078431372549}