{"x":0.14791666666666667,"y":0.03137254901960784}