{"x":0.20833333333333334,"y":0.03137254901960784}