{"x":0.37578125,"y":0.12665684830633284}