{"x":0.11171875,"y":0.16642120765832105}