{"x":0.3770833333333333,"y":0.13725490196078433}