{"x":0.1109375,"y":0.16494845360824742}