{"x":0.21458333333333332,"y":0.058823529411764705}