{"x":0.4390625,"y":0.2547864506627393}