{"x":0.38125,"y":0.12156862745098039}