{"x":0.38125,"y":0.11372549019607843}