{"x":0.5916666666666667,"y":0.10588235294117647}