{"x":0.38125,"y":0.11929307805596466}