{"x":0.38125,"y":0.12076583210603829}