{"x":0.14453125,"y":0.09572901325478646}