{"x":0.14791666666666667,"y":0.10196078431372549}