{"x":0.14375,"y":0.09019607843137255}