{"x":0.14583333333333334,"y":0.09803921568627451}