{"x":0.1453125,"y":0.09720176730486009}