{"x":0.14791666666666667,"y":0.10588235294117647}