{"x":0.42916666666666664,"y":0.45098039215686275}